[
    {
        "id": 1,
        "username": "anuragg",
        "item": "Nail cutter"
    },
    {
        "id": 3,
        "username": "anuragg",
        "item": "Earbud"
    },
    {
        "id": 4,
        "username": "anuragg",
        "item": "Steel Bottle (1 Litre)"
    },
    {
        "id": 5,
        "username": "anuragg",
        "item": "Wide Brim Hat"
    },
    {
        "id": 7,
        "username": "anuragg",
        "item": "Sleeping bag"
    },
    {
        "id": 8,
        "username": "anuragg",
        "item": "Sunscreen"
    },
    {
        "id": 9,
        "username": "ashutoshg",
        "item": "Tent"
    },
    {
        "id": 10,
        "username": "ashutoshg",
        "item": "Sleeping bag"
    },
    {
        "id": 11,
        "username": "anuragg",
        "item": "Slippers"
    }
]